Sample ID	Method ID	Taxa-Level	Taxa-Name	# of Reads	% of Total	Avg-Score
10_D_B02_2010_12_17_2	1	rootrank	Root	3989	100.00	1.00
10_D_B02_2010_12_17_2	1	domain	Bacteria	3989	100.00	1.00
10_D_B02_2010_12_17_2	1	phylum	Spirochaetes	390	9.78	0.96
10_D_B02_2010_12_17_2	1	phylum	TM7	4	0.10	0.90
10_D_B02_2010_12_17_2	1	phylum	Proteobacteria	19	0.48	1.00
10_D_B02_2010_12_17_2	1	phylum	Firmicutes	401	10.05	0.98
10_D_B02_2010_12_17_2	1	phylum	Bacteroidetes	2502	62.72	1.00
10_D_B02_2010_12_17_2	1	phylum	Chloroflexi	1	0.03	0.97
10_D_B02_2010_12_17_2	1	phylum	Actinobacteria	228	5.72	0.98
10_D_B02_2010_12_17_2	1	phylum	Tenericutes	6	0.15	0.92
10_D_B02_2010_12_17_2	1	phylum	SR1	3	0.08	1.00
10_D_B02_2010_12_17_2	1	phylum	Fusobacteria	325	8.15	0.99
10_D_B02_2010_12_17_2	1	phylum	Synergistetes	85	2.13	0.93
10_D_B02_2010_12_17_2	1	class	Spirochaetes	390	9.78	0.96
10_D_B02_2010_12_17_2	1	class	Betaproteobacteria	6	0.15	1.00
10_D_B02_2010_12_17_2	1	class	Bacteroidia	2451	61.44	0.99
10_D_B02_2010_12_17_2	1	class	Flavobacteria	10	0.25	0.95
10_D_B02_2010_12_17_2	1	class	Epsilonproteobacteria	10	0.25	1.00
10_D_B02_2010_12_17_2	1	class	Actinobacteria	228	5.72	0.98
10_D_B02_2010_12_17_2	1	class	Mollicutes	6	0.15	0.92
10_D_B02_2010_12_17_2	1	class	Sphingobacteria	3	0.08	0.66
10_D_B02_2010_12_17_2	1	class	Bacilli	2	0.05	1.00
10_D_B02_2010_12_17_2	1	class	Erysipelotrichia	7	0.18	1.00
10_D_B02_2010_12_17_2	1	class	Anaerolineae	1	0.03	0.97
10_D_B02_2010_12_17_2	1	class	Fusobacteria	325	8.15	0.99
10_D_B02_2010_12_17_2	1	class	Clostridia	336	8.42	0.98
10_D_B02_2010_12_17_2	1	class	Synergistia	85	2.13	0.93
10_D_B02_2010_12_17_2	1	class	Negativicutes	53	1.33	0.99
10_D_B02_2010_12_17_2	1	class	Deltaproteobacteria	3	0.08	0.94
10_D_B02_2010_12_17_2	1	subclass	Actinobacteridae	152	3.81	0.98
10_D_B02_2010_12_17_2	1	subclass	Coriobacteridae	75	1.88	0.98
10_D_B02_2010_12_17_2	1	suborder	Micrococcineae	14	0.35	0.67
10_D_B02_2010_12_17_2	1	suborder	Coriobacterineae	75	1.88	0.98
10_D_B02_2010_12_17_2	1	suborder	Corynebacterineae	10	0.25	0.97
10_D_B02_2010_12_17_2	1	suborder	Actinomycineae	116	2.91	0.91
10_D_B02_2010_12_17_2	1	suborder	Pseudonocardineae	1	0.03	0.51
10_D_B02_2010_12_17_2	1	order	Lactobacillales	2	0.05	1.00
10_D_B02_2010_12_17_2	1	order	Fusobacteriales	325	8.15	0.99
10_D_B02_2010_12_17_2	1	order	Flavobacteriales	10	0.25	0.95
10_D_B02_2010_12_17_2	1	order	Anaerolineales	1	0.03	0.97
10_D_B02_2010_12_17_2	1	order	Campylobacterales	10	0.25	1.00
10_D_B02_2010_12_17_2	1	order	Clostridiales	336	8.42	0.98
10_D_B02_2010_12_17_2	1	order	Synergistales	85	2.13	0.93
10_D_B02_2010_12_17_2	1	order	Erysipelotrichales	7	0.18	1.00
10_D_B02_2010_12_17_2	1	order	Spirochaetales	390	9.78	0.96
10_D_B02_2010_12_17_2	1	order	Neisseriales	6	0.15	1.00
10_D_B02_2010_12_17_2	1	order	Desulfobacterales	2	0.05	0.99
10_D_B02_2010_12_17_2	1	order	Mycoplasmatales	5	0.13	1.00
10_D_B02_2010_12_17_2	1	order	Selenomonadales	53	1.33	0.99
10_D_B02_2010_12_17_2	1	order	Sphingobacteriales	3	0.08	0.66
10_D_B02_2010_12_17_2	1	order	Bacteroidales	2451	61.44	0.99
10_D_B02_2010_12_17_2	1	order	Coriobacteriales	75	1.88	0.98
10_D_B02_2010_12_17_2	1	order	Actinomycetales	152	3.81	0.98
10_D_B02_2010_12_17_2	1	family	Beutenbergiaceae	2	0.05	0.68
10_D_B02_2010_12_17_2	1	family	Actinomycetaceae	116	2.91	0.91
10_D_B02_2010_12_17_2	1	family	Pseudonocardiaceae	1	0.03	0.51
10_D_B02_2010_12_17_2	1	family	Coriobacteriaceae	75	1.88	0.98
10_D_B02_2010_12_17_2	1	family	Corynebacteriaceae	10	0.25	0.96
10_D_B02_2010_12_17_2	1	family	Leptotrichiaceae	113	2.83	0.99
10_D_B02_2010_12_17_2	1	family	Streptococcaceae	2	0.05	1.00
10_D_B02_2010_12_17_2	1	family	Eubacteriaceae	53	1.33	0.96
10_D_B02_2010_12_17_2	1	family	Neisseriaceae	6	0.15	1.00
10_D_B02_2010_12_17_2	1	family	Veillonellaceae	53	1.33	0.98
10_D_B02_2010_12_17_2	1	family	Anaerolineaceae	1	0.03	0.97
10_D_B02_2010_12_17_2	1	family	Rikenellaceae	27	0.68	0.65
10_D_B02_2010_12_17_2	1	family	Erysipelotrichaceae	7	0.18	1.00
10_D_B02_2010_12_17_2	1	family	Clostridiales_Incertae Sedis XIII	29	0.73	0.71
10_D_B02_2010_12_17_2	1	family	Clostridiales_Incertae Sedis XI	9	0.23	0.94
10_D_B02_2010_12_17_2	1	family	Mycoplasmataceae	5	0.13	1.00
10_D_B02_2010_12_17_2	1	family	Fusobacteriaceae	212	5.31	0.99
10_D_B02_2010_12_17_2	1	family	Spirochaetaceae	385	9.65	0.97
10_D_B02_2010_12_17_2	1	family	Peptococcaceae 1	14	0.35	0.82
10_D_B02_2010_12_17_2	1	family	Ruminococcaceae	1	0.03	0.51
10_D_B02_2010_12_17_2	1	family	Synergistaceae	85	2.13	0.93
10_D_B02_2010_12_17_2	1	family	Campylobacteraceae	10	0.25	0.97
10_D_B02_2010_12_17_2	1	family	Porphyromonadaceae	1928	48.33	0.99
10_D_B02_2010_12_17_2	1	family	Peptostreptococcaceae	152	3.81	0.99
10_D_B02_2010_12_17_2	1	family	Lachnospiraceae	63	1.58	0.97
10_D_B02_2010_12_17_2	1	family	Prevotellaceae	446	11.18	0.96
10_D_B02_2010_12_17_2	1	family	Chitinophagaceae	1	0.03	0.91
10_D_B02_2010_12_17_2	1	family	Bacteroidaceae	19	0.48	0.75
10_D_B02_2010_12_17_2	1	family	Flavobacteriaceae	9	0.23	1.00
10_D_B02_2010_12_17_2	1	family	Bacteroidales_incertae_sedis	15	0.38	1.00
10_D_B02_2010_12_17_2	1	family	Desulfobulbaceae	2	0.05	0.99
10_D_B02_2010_12_17_2	1	genus	Olsenella	64	1.60	0.97
10_D_B02_2010_12_17_2	1	genus	Slackia	11	0.28	0.91
10_D_B02_2010_12_17_2	1	genus	Actinobaculum	1	0.03	0.53
10_D_B02_2010_12_17_2	1	genus	Actinomyces	107	2.68	0.94
10_D_B02_2010_12_17_2	1	genus	Corynebacterium	9	0.23	0.93
10_D_B02_2010_12_17_2	1	genus	TM7_genera_incertae_sedis	4	0.10	0.90
10_D_B02_2010_12_17_2	1	genus	SR1_genera_incertae_sedis	3	0.08	1.00
10_D_B02_2010_12_17_2	1	genus	Johnsonella	9	0.23	0.96
10_D_B02_2010_12_17_2	1	genus	Peptococcus	14	0.35	0.79
10_D_B02_2010_12_17_2	1	genus	Peptostreptococcaceae_incertae_sedis	1	0.03	0.99
10_D_B02_2010_12_17_2	1	genus	Xylanibacter	1	0.03	0.56
10_D_B02_2010_12_17_2	1	genus	Capnocytophaga	9	0.23	1.00
10_D_B02_2010_12_17_2	1	genus	Oribacterium	6	0.15	0.94
10_D_B02_2010_12_17_2	1	genus	Peptostreptococcus	92	2.31	0.99
10_D_B02_2010_12_17_2	1	genus	Aminobacterium	5	0.13	0.53
10_D_B02_2010_12_17_2	1	genus	Fusobacterium	204	5.11	0.99
10_D_B02_2010_12_17_2	1	genus	Moryella	5	0.13	0.54
10_D_B02_2010_12_17_2	1	genus	Thermovirga	9	0.23	0.70
10_D_B02_2010_12_17_2	1	genus	Leptotrichia	92	2.31	1.00
10_D_B02_2010_12_17_2	1	genus	Kingella	2	0.05	1.00
10_D_B02_2010_12_17_2	1	genus	Aminiphilus	1	0.03	0.50
10_D_B02_2010_12_17_2	1	genus	Porphyromonas	1843	46.20	0.99
10_D_B02_2010_12_17_2	1	genus	Filifactor	59	1.48	0.98
10_D_B02_2010_12_17_2	1	genus	Neisseria	4	0.10	0.65
10_D_B02_2010_12_17_2	1	genus	Bacteroides	19	0.48	0.75
10_D_B02_2010_12_17_2	1	genus	Rikenella	23	0.58	0.67
10_D_B02_2010_12_17_2	1	genus	Campylobacter	10	0.25	0.97
10_D_B02_2010_12_17_2	1	genus	Selenomonas	26	0.65	0.93
10_D_B02_2010_12_17_2	1	genus	Schwartzia	4	0.10	0.60
10_D_B02_2010_12_17_2	1	genus	Sneathia	11	0.28	0.58
10_D_B02_2010_12_17_2	1	genus	Desulfobulbus	2	0.05	0.98
10_D_B02_2010_12_17_2	1	genus	Tannerella	69	1.73	0.95
10_D_B02_2010_12_17_2	1	genus	Dialister	15	0.38	0.94
10_D_B02_2010_12_17_2	1	genus	Pseudoramibacter	8	0.20	0.98
10_D_B02_2010_12_17_2	1	genus	Catonella	25	0.63	0.97
10_D_B02_2010_12_17_2	1	genus	Hallella	22	0.55	0.62
10_D_B02_2010_12_17_2	1	genus	Centipeda	1	0.03	0.77
10_D_B02_2010_12_17_2	1	genus	Paraprevotella	2	0.05	0.58
10_D_B02_2010_12_17_2	1	genus	Spirochaeta	2	0.05	0.57
10_D_B02_2010_12_17_2	1	genus	Syntrophococcus	1	0.03	0.66
10_D_B02_2010_12_17_2	1	genus	Streptococcus	2	0.05	1.00
10_D_B02_2010_12_17_2	1	genus	Prevotella	343	8.60	0.82
10_D_B02_2010_12_17_2	1	genus	Pectinatus	2	0.05	0.67
10_D_B02_2010_12_17_2	1	genus	Phocaeicola	15	0.38	1.00
10_D_B02_2010_12_17_2	1	genus	Erysipelotrichaceae_incertae_sedis	5	0.13	1.00
10_D_B02_2010_12_17_2	1	genus	Eubacterium	45	1.13	0.96
10_D_B02_2010_12_17_2	1	genus	Streptobacillus	3	0.08	0.58
10_D_B02_2010_12_17_2	1	genus	Treponema	379	9.50	0.97
10_D_B02_2010_12_17_2	1	genus	Parvimonas	9	0.23	0.94
10_D_B02_2010_12_17_2	1	genus	Mycoplasma	5	0.13	1.00
10_D_B02_2010_12_17_2	1	genus	Mogibacterium	3	0.08	0.88
10_D_B02_2010_12_17_2	1	genus	Bulleidia	2	0.05	1.00
10_D_B02_2010_12_17_2	1	genus	Clostridium XIX	5	0.13	0.66
10_D_B02_2010_12_17_2	1	genus	Anaerovorax	26	0.65	0.69
10_D_B02_2010_12_17_2	2	rootrank	Root	3989	100.00	1.00
10_D_B02_2010_12_17_2	2	domain	Bacteria	3989	100.00	1.00
10_D_B02_2010_12_17_2	2	phylum	Spirochaetes	363	9.10	0.99
10_D_B02_2010_12_17_2	2	phylum	TM7	3	0.08	1.00
10_D_B02_2010_12_17_2	2	phylum	Proteobacteria	19	0.48	1.00
10_D_B02_2010_12_17_2	2	phylum	Firmicutes	385	9.65	1.00
10_D_B02_2010_12_17_2	2	phylum	Bacteroidetes	2493	62.50	1.00
10_D_B02_2010_12_17_2	2	phylum	Chloroflexi	1	0.03	0.97
10_D_B02_2010_12_17_2	2	phylum	Actinobacteria	221	5.54	1.00
10_D_B02_2010_12_17_2	2	phylum	Tenericutes	5	0.13	1.00
10_D_B02_2010_12_17_2	2	phylum	SR1	3	0.08	1.00
10_D_B02_2010_12_17_2	2	phylum	Fusobacteria	319	8.00	1.00
10_D_B02_2010_12_17_2	2	phylum	Synergistetes	82	2.06	0.94
10_D_B02_2010_12_17_2	2	class	Spirochaetes	363	9.10	0.99
10_D_B02_2010_12_17_2	2	class	Betaproteobacteria	6	0.15	1.00
10_D_B02_2010_12_17_2	2	class	Bacteroidia	2422	60.72	1.00
10_D_B02_2010_12_17_2	2	class	Flavobacteria	9	0.23	1.00
10_D_B02_2010_12_17_2	2	class	Epsilonproteobacteria	10	0.25	1.00
10_D_B02_2010_12_17_2	2	class	Actinobacteria	221	5.54	1.00
10_D_B02_2010_12_17_2	2	class	Mollicutes	5	0.13	1.00
10_D_B02_2010_12_17_2	2	class	Sphingobacteria	1	0.03	0.91
10_D_B02_2010_12_17_2	2	class	Bacilli	2	0.05	1.00
10_D_B02_2010_12_17_2	2	class	Erysipelotrichia	7	0.18	1.00
10_D_B02_2010_12_17_2	2	class	Anaerolineae	1	0.03	0.97
10_D_B02_2010_12_17_2	2	class	Fusobacteria	319	8.00	1.00
10_D_B02_2010_12_17_2	2	class	Clostridia	321	8.05	0.99
10_D_B02_2010_12_17_2	2	class	Synergistia	82	2.06	0.94
10_D_B02_2010_12_17_2	2	class	Negativicutes	52	1.30	0.99
10_D_B02_2010_12_17_2	2	class	Deltaproteobacteria	3	0.08	0.94
10_D_B02_2010_12_17_2	2	subclass	Actinobacteridae	147	3.69	0.99
10_D_B02_2010_12_17_2	2	subclass	Coriobacteridae	71	1.78	1.00
10_D_B02_2010_12_17_2	2	suborder	Micrococcineae	3	0.08	0.88
10_D_B02_2010_12_17_2	2	suborder	Coriobacterineae	71	1.78	1.00
10_D_B02_2010_12_17_2	2	suborder	Corynebacterineae	10	0.25	0.97
10_D_B02_2010_12_17_2	2	suborder	Actinomycineae	94	2.36	0.98
10_D_B02_2010_12_17_2	2	order	Lactobacillales	2	0.05	1.00
10_D_B02_2010_12_17_2	2	order	Fusobacteriales	319	8.00	1.00
10_D_B02_2010_12_17_2	2	order	Flavobacteriales	9	0.23	1.00
10_D_B02_2010_12_17_2	2	order	Anaerolineales	1	0.03	0.97
10_D_B02_2010_12_17_2	2	order	Campylobacterales	10	0.25	1.00
10_D_B02_2010_12_17_2	2	order	Clostridiales	320	8.02	0.99
10_D_B02_2010_12_17_2	2	order	Synergistales	82	2.06	0.94
10_D_B02_2010_12_17_2	2	order	Erysipelotrichales	7	0.18	1.00
10_D_B02_2010_12_17_2	2	order	Spirochaetales	363	9.10	0.99
10_D_B02_2010_12_17_2	2	order	Neisseriales	6	0.15	1.00
10_D_B02_2010_12_17_2	2	order	Desulfobacterales	2	0.05	0.99
10_D_B02_2010_12_17_2	2	order	Mycoplasmatales	5	0.13	1.00
10_D_B02_2010_12_17_2	2	order	Selenomonadales	52	1.30	0.99
10_D_B02_2010_12_17_2	2	order	Sphingobacteriales	1	0.03	0.91
10_D_B02_2010_12_17_2	2	order	Bacteroidales	2422	60.72	1.00
10_D_B02_2010_12_17_2	2	order	Coriobacteriales	71	1.78	1.00
10_D_B02_2010_12_17_2	2	order	Actinomycetales	147	3.69	0.99
10_D_B02_2010_12_17_2	2	family	Actinomycetaceae	94	2.36	0.98
10_D_B02_2010_12_17_2	2	family	Coriobacteriaceae	71	1.78	1.00
10_D_B02_2010_12_17_2	2	family	Corynebacteriaceae	9	0.23	0.98
10_D_B02_2010_12_17_2	2	family	Leptotrichiaceae	112	2.81	1.00
10_D_B02_2010_12_17_2	2	family	Streptococcaceae	2	0.05	1.00
10_D_B02_2010_12_17_2	2	family	Eubacteriaceae	48	1.20	0.99
10_D_B02_2010_12_17_2	2	family	Neisseriaceae	6	0.15	1.00
10_D_B02_2010_12_17_2	2	family	Veillonellaceae	52	1.30	0.99
10_D_B02_2010_12_17_2	2	family	Anaerolineaceae	1	0.03	0.97
10_D_B02_2010_12_17_2	2	family	Erysipelotrichaceae	7	0.18	1.00
10_D_B02_2010_12_17_2	2	family	Clostridiales_Incertae Sedis XIII	10	0.25	0.93
10_D_B02_2010_12_17_2	2	family	Prevotellaceae	406	10.18	0.99
10_D_B02_2010_12_17_2	2	family	Mycoplasmataceae	5	0.13	1.00
10_D_B02_2010_12_17_2	2	family	Fusobacteriaceae	206	5.16	1.00
10_D_B02_2010_12_17_2	2	family	Spirochaetaceae	360	9.02	0.99
10_D_B02_2010_12_17_2	2	family	Peptococcaceae 1	11	0.28	0.87
10_D_B02_2010_12_17_2	2	family	Synergistaceae	82	2.06	0.94
10_D_B02_2010_12_17_2	2	family	Campylobacteraceae	9	0.23	1.00
10_D_B02_2010_12_17_2	2	family	Porphyromonadaceae	1910	47.88	1.00
10_D_B02_2010_12_17_2	2	family	Peptostreptococcaceae	147	3.69	1.00
10_D_B02_2010_12_17_2	2	family	Lachnospiraceae	60	1.50	0.99
10_D_B02_2010_12_17_2	2	family	Clostridiales_Incertae Sedis XI	8	0.20	1.00
10_D_B02_2010_12_17_2	2	family	Chitinophagaceae	1	0.03	0.91
10_D_B02_2010_12_17_2	2	family	Bacteroidaceae	10	0.25	0.86
10_D_B02_2010_12_17_2	2	family	Flavobacteriaceae	9	0.23	1.00
10_D_B02_2010_12_17_2	2	family	Bacteroidales_incertae_sedis	15	0.38	1.00
10_D_B02_2010_12_17_2	2	family	Desulfobulbaceae	2	0.05	0.99
10_D_B02_2010_12_17_2	2	genus	Olsenella	60	1.50	0.99
10_D_B02_2010_12_17_2	2	genus	Slackia	9	0.23	0.98
10_D_B02_2010_12_17_2	2	genus	Actinomyces	92	2.31	0.98
10_D_B02_2010_12_17_2	2	genus	Corynebacterium	8	0.20	0.99
10_D_B02_2010_12_17_2	2	genus	TM7_genera_incertae_sedis	3	0.08	1.00
10_D_B02_2010_12_17_2	2	genus	SR1_genera_incertae_sedis	3	0.08	1.00
10_D_B02_2010_12_17_2	2	genus	Johnsonella	9	0.23	0.96
10_D_B02_2010_12_17_2	2	genus	Peptococcus	9	0.23	0.85
10_D_B02_2010_12_17_2	2	genus	Peptostreptococcaceae_incertae_sedis	1	0.03	0.99
10_D_B02_2010_12_17_2	2	genus	Capnocytophaga	9	0.23	1.00
10_D_B02_2010_12_17_2	2	genus	Oribacterium	5	0.13	0.98
10_D_B02_2010_12_17_2	2	genus	Peptostreptococcus	89	2.23	1.00
10_D_B02_2010_12_17_2	2	genus	Fusobacterium	199	4.99	1.00
10_D_B02_2010_12_17_2	2	genus	Eubacterium	40	1.00	0.99
10_D_B02_2010_12_17_2	2	genus	Leptotrichia	92	2.31	1.00
10_D_B02_2010_12_17_2	2	genus	Kingella	2	0.05	1.00
10_D_B02_2010_12_17_2	2	genus	Porphyromonas	1814	45.48	1.00
10_D_B02_2010_12_17_2	2	genus	Selenomonas	22	0.55	0.98
10_D_B02_2010_12_17_2	2	genus	Neisseria	1	0.03	0.86
10_D_B02_2010_12_17_2	2	genus	Bacteroides	10	0.25	0.86
10_D_B02_2010_12_17_2	2	genus	Campylobacter	9	0.23	1.00
10_D_B02_2010_12_17_2	2	genus	Filifactor	56	1.40	1.00
10_D_B02_2010_12_17_2	2	genus	Desulfobulbus	2	0.05	0.98
10_D_B02_2010_12_17_2	2	genus	Tannerella	59	1.48	1.00
10_D_B02_2010_12_17_2	2	genus	Dialister	13	0.33	0.98
10_D_B02_2010_12_17_2	2	genus	Pseudoramibacter	8	0.20	0.98
10_D_B02_2010_12_17_2	2	genus	Catonella	24	0.60	0.98
10_D_B02_2010_12_17_2	2	genus	Thermovirga	3	0.08	0.85
10_D_B02_2010_12_17_2	2	genus	Streptococcus	2	0.05	1.00
10_D_B02_2010_12_17_2	2	genus	Prevotella	213	5.34	0.95
10_D_B02_2010_12_17_2	2	genus	Phocaeicola	15	0.38	1.00
10_D_B02_2010_12_17_2	2	genus	Erysipelotrichaceae_incertae_sedis	5	0.13	1.00
10_D_B02_2010_12_17_2	2	genus	Treponema	356	8.92	0.99
10_D_B02_2010_12_17_2	2	genus	Parvimonas	8	0.20	1.00
10_D_B02_2010_12_17_2	2	genus	Mycoplasma	5	0.13	1.00
10_D_B02_2010_12_17_2	2	genus	Mogibacterium	2	0.05	1.00
10_D_B02_2010_12_17_2	2	genus	Bulleidia	2	0.05	1.00
10_D_B02_2010_12_17_2	2	genus	Clostridium XIX	1	0.03	0.85
10_D_B02_2010_12_17_2	2	genus	Anaerovorax	8	0.20	0.92
10_S_B01_2010_12_17_2	1	rootrank	Root	8751	100.00	1.00
10_S_B01_2010_12_17_2	1	domain	Bacteria	8749	99.98	1.00
10_S_B01_2010_12_17_2	1	phylum	Spirochaetes	365	4.17	0.97
10_S_B01_2010_12_17_2	1	phylum	Chloroflexi	1	0.01	0.98
10_S_B01_2010_12_17_2	1	phylum	TM7	29	0.33	1.00
10_S_B01_2010_12_17_2	1	phylum	Firmicutes	2050	23.43	0.98
10_S_B01_2010_12_17_2	1	phylum	Bacteroidetes	2376	27.15	0.99
10_S_B01_2010_12_17_2	1	phylum	Synergistetes	109	1.25	0.91
10_S_B01_2010_12_17_2	1	phylum	Actinobacteria	1677	19.16	0.99
10_S_B01_2010_12_17_2	1	phylum	Tenericutes	10	0.11	0.89
10_S_B01_2010_12_17_2	1	phylum	Cyanobacteria/Chloroplast	2	0.02	1.00
10_S_B01_2010_12_17_2	1	phylum	SR1	1	0.01	1.00
10_S_B01_2010_12_17_2	1	phylum	Fusobacteria	1269	14.50	0.99
10_S_B01_2010_12_17_2	1	phylum	Proteobacteria	803	9.18	0.99
10_S_B01_2010_12_17_2	1	class	Spirochaetes	365	4.17	0.97
10_S_B01_2010_12_17_2	1	class	Betaproteobacteria	364	4.16	0.98
10_S_B01_2010_12_17_2	1	class	Synergistia	109	1.25	0.91
10_S_B01_2010_12_17_2	1	class	Bacteroidia	2109	24.10	0.99
10_S_B01_2010_12_17_2	1	class	Gammaproteobacteria	356	4.07	0.98
10_S_B01_2010_12_17_2	1	class	Flavobacteria	205	2.34	0.98
10_S_B01_2010_12_17_2	1	class	Alphaproteobacteria	13	0.15	1.00
10_S_B01_2010_12_17_2	1	class	Chloroplast	2	0.02	1.00
10_S_B01_2010_12_17_2	1	class	Mollicutes	10	0.11	0.89
10_S_B01_2010_12_17_2	1	class	Epsilonproteobacteria	57	0.65	0.99
10_S_B01_2010_12_17_2	1	class	Bacilli	1136	12.98	0.98
10_S_B01_2010_12_17_2	1	class	Sphingobacteria	3	0.03	0.55
10_S_B01_2010_12_17_2	1	class	Erysipelotrichia	16	0.18	0.95
10_S_B01_2010_12_17_2	1	class	Anaerolineae	1	0.01	0.96
10_S_B01_2010_12_17_2	1	class	Fusobacteria	1269	14.50	0.99
10_S_B01_2010_12_17_2	1	class	Negativicutes	559	6.39	0.98
10_S_B01_2010_12_17_2	1	class	Actinobacteria	1677	19.16	0.99
10_S_B01_2010_12_17_2	1	class	Clostridia	329	3.76	0.96
10_S_B01_2010_12_17_2	1	class	Deltaproteobacteria	12	0.14	0.96
10_S_B01_2010_12_17_2	1	subclass	Actinobacteridae	1591	18.18	0.99
10_S_B01_2010_12_17_2	1	subclass	Coriobacteridae	84	0.96	0.99
10_S_B01_2010_12_17_2	1	suborder	Micrococcineae	146	1.67	0.85
10_S_B01_2010_12_17_2	1	suborder	Actinomycineae	709	8.10	0.94
10_S_B01_2010_12_17_2	1	suborder	Propionibacterineae	47	0.54	1.00
10_S_B01_2010_12_17_2	1	suborder	Coriobacterineae	84	0.96	0.99
10_S_B01_2010_12_17_2	1	suborder	Pseudonocardineae	7	0.08	0.65
10_S_B01_2010_12_17_2	1	suborder	Corynebacterineae	567	6.48	0.95
10_S_B01_2010_12_17_2	1	order	Cardiobacteriales	46	0.53	0.94
10_S_B01_2010_12_17_2	1	order	Pasteurellales	310	3.54	0.99
10_S_B01_2010_12_17_2	1	order	Sphingobacteriales	3	0.03	0.55
10_S_B01_2010_12_17_2	1	order	Neisseriales	350	4.00	0.98
10_S_B01_2010_12_17_2	1	order	Sphingomonadales	1	0.01	1.00
10_S_B01_2010_12_17_2	1	order	Clostridiales	327	3.74	0.96
10_S_B01_2010_12_17_2	1	order	Mycoplasmatales	8	0.09	0.96
10_S_B01_2010_12_17_2	1	order	Desulfobacterales	8	0.09	0.94
10_S_B01_2010_12_17_2	1	order	Lactobacillales	1084	12.39	0.98
10_S_B01_2010_12_17_2	1	order	Burkholderiales	8	0.09	0.97
10_S_B01_2010_12_17_2	1	order	Fusobacteriales	1269	14.50	0.99
10_S_B01_2010_12_17_2	1	order	Anaerolineales	1	0.01	0.96
10_S_B01_2010_12_17_2	1	order	Erysipelotrichales	16	0.18	0.95
10_S_B01_2010_12_17_2	1	order	Spirochaetales	365	4.17	0.97
10_S_B01_2010_12_17_2	1	order	Anaeroplasmatales	2	0.02	0.58
10_S_B01_2010_12_17_2	1	order	Bacillales	35	0.40	0.94
10_S_B01_2010_12_17_2	1	order	Rhodocyclales	5	0.06	0.75
10_S_B01_2010_12_17_2	1	order	Rhizobiales	12	0.14	1.00
10_S_B01_2010_12_17_2	1	order	Flavobacteriales	205	2.34	0.98
10_S_B01_2010_12_17_2	1	order	Campylobacterales	56	0.64	1.00
10_S_B01_2010_12_17_2	1	order	Synergistales	109	1.25	0.91
10_S_B01_2010_12_17_2	1	order	Selenomonadales	559	6.39	0.98
10_S_B01_2010_12_17_2	1	order	Desulfovibrionales	4	0.05	0.99
10_S_B01_2010_12_17_2	1	order	Bacteroidales	2109	24.10	0.99
10_S_B01_2010_12_17_2	1	order	Coriobacteriales	84	0.96	0.99
10_S_B01_2010_12_17_2	1	order	Actinomycetales	1543	17.63	0.99
10_S_B01_2010_12_17_2	1	order	Bifidobacteriales	48	0.55	0.99
10_S_B01_2010_12_17_2	1	family	Coriobacteriaceae	84	0.96	0.99
10_S_B01_2010_12_17_2	1	family	Pseudonocardiaceae	7	0.08	0.65
10_S_B01_2010_12_17_2	1	family	Actinomycetaceae	709	8.10	0.94
10_S_B01_2010_12_17_2	1	family	Mycobacteriaceae	22	0.25	0.97
10_S_B01_2010_12_17_2	1	family	Corynebacteriaceae	529	6.05	0.94
10_S_B01_2010_12_17_2	1	family	Micrococcaceae	95	1.09	0.96
10_S_B01_2010_12_17_2	1	family	Propionibacteriaceae	47	0.54	1.00
10_S_B01_2010_12_17_2	1	family	Chloroplast	2	0.02	1.00
10_S_B01_2010_12_17_2	1	family	Anaeroplasmataceae	2	0.02	0.58
10_S_B01_2010_12_17_2	1	family	Leptotrichiaceae	613	7.00	0.99
10_S_B01_2010_12_17_2	1	family	Streptococcaceae	994	11.36	0.97
10_S_B01_2010_12_17_2	1	family	Sphingomonadaceae	1	0.01	1.00
10_S_B01_2010_12_17_2	1	family	Listeriaceae	2	0.02	1.00
10_S_B01_2010_12_17_2	1	family	Desulfomicrobiaceae	3	0.03	1.00
10_S_B01_2010_12_17_2	1	family	Cardiobacteriaceae	46	0.53	0.94
10_S_B01_2010_12_17_2	1	family	Eubacteriaceae	89	1.02	0.90
10_S_B01_2010_12_17_2	1	family	Neisseriaceae	350	4.00	0.98
10_S_B01_2010_12_17_2	1	family	Veillonellaceae	546	6.24	0.98
10_S_B01_2010_12_17_2	1	family	Burkholderiaceae	2	0.02	1.00
10_S_B01_2010_12_17_2	1	family	Rikenellaceae	8	0.09	0.73
10_S_B01_2010_12_17_2	1	family	Methylobacteriaceae	12	0.14	1.00
10_S_B01_2010_12_17_2	1	family	Erysipelotrichaceae	16	0.18	0.95
10_S_B01_2010_12_17_2	1	family	Clostridiales_Incertae Sedis XIII	13	0.15	0.94
10_S_B01_2010_12_17_2	1	family	Prevotellaceae	1014	11.59	0.98
10_S_B01_2010_12_17_2	1	family	Lactobacillaceae	6	0.07	1.00
10_S_B01_2010_12_17_2	1	family	Mycoplasmataceae	8	0.09	0.96
10_S_B01_2010_12_17_2	1	family	Fusobacteriaceae	656	7.50	0.98
10_S_B01_2010_12_17_2	1	family	Spirochaetaceae	365	4.17	0.97
10_S_B01_2010_12_17_2	1	family	Desulfohalobiaceae	1	0.01	0.79
10_S_B01_2010_12_17_2	1	family	Staphylococcaceae	1	0.01	1.00
10_S_B01_2010_12_17_2	1	family	Peptococcaceae 1	4	0.05	0.72
10_S_B01_2010_12_17_2	1	family	Bacillaceae 2	1	0.01	0.52
10_S_B01_2010_12_17_2	1	family	Synergistaceae	109	1.25	0.91
10_S_B01_2010_12_17_2	1	family	Rhodocyclaceae	5	0.06	0.75
10_S_B01_2010_12_17_2	1	family	Campylobacteraceae	56	0.64	1.00
10_S_B01_2010_12_17_2	1	family	Porphyromonadaceae	1044	11.93	0.97
10_S_B01_2010_12_17_2	1	family	Bacillales_Incertae Sedis XI	29	0.33	0.97
10_S_B01_2010_12_17_2	1	family	Carnobacteriaceae	47	0.54	0.84
10_S_B01_2010_12_17_2	1	family	Anaerolineaceae	1	0.01	0.96
10_S_B01_2010_12_17_2	1	family	Pasteurellaceae	310	3.54	0.99
10_S_B01_2010_12_17_2	1	family	Peptostreptococcaceae	51	0.58	0.92
10_S_B01_2010_12_17_2	1	family	Lachnospiraceae	100	1.14	0.95
10_S_B01_2010_12_17_2	1	family	Clostridiales_Incertae Sedis XI	50	0.57	0.95
10_S_B01_2010_12_17_2	1	family	Bacteroidaceae	6	0.07	0.89
10_S_B01_2010_12_17_2	1	family	Enterococcaceae	2	0.02	0.63
10_S_B01_2010_12_17_2	1	family	Alcaligenaceae	5	0.06	0.72
10_S_B01_2010_12_17_2	1	family	Flavobacteriaceae	205	2.34	0.98
10_S_B01_2010_12_17_2	1	family	Bacteroidales_incertae_sedis	19	0.22	0.97
10_S_B01_2010_12_17_2	1	family	Aerococcaceae	9	0.10	0.93
10_S_B01_2010_12_17_2	1	family	Desulfobulbaceae	8	0.09	0.94
10_S_B01_2010_12_17_2	1	family	Bifidobacteriaceae	48	0.55	0.99
10_S_B01_2010_12_17_2	1	genus	Gardnerella	1	0.01	0.52
10_S_B01_2010_12_17_2	1	genus	Bifidobacterium	22	0.25	0.95
10_S_B01_2010_12_17_2	1	genus	Scardovia	23	0.26	0.99
10_S_B01_2010_12_17_2	1	genus	Turicella	3	0.03	0.58
10_S_B01_2010_12_17_2	1	genus	Tessaracoccus	18	0.21	0.55
10_S_B01_2010_12_17_2	1	genus	Rothia	90	1.03	0.97
10_S_B01_2010_12_17_2	1	genus	Mycobacterium	22	0.25	0.96
10_S_B01_2010_12_17_2	1	genus	Actinomycetospora	5	0.06	0.62
10_S_B01_2010_12_17_2	1	genus	Corynebacterium	480	5.49	0.93
10_S_B01_2010_12_17_2	1	genus	Actinomyces	671	7.67	0.96
10_S_B01_2010_12_17_2	1	genus	Propionibacterium	8	0.09	0.65
10_S_B01_2010_12_17_2	1	genus	Atopobium	21	0.24	0.99
10_S_B01_2010_12_17_2	1	genus	Olsenella	61	0.70	0.96
10_S_B01_2010_12_17_2	1	genus	Actinobaculum	8	0.09	0.57
10_S_B01_2010_12_17_2	1	genus	TM7_genera_incertae_sedis	29	0.33	1.00
10_S_B01_2010_12_17_2	1	genus	SR1_genera_incertae_sedis	1	0.01	1.00
10_S_B01_2010_12_17_2	1	genus	Streptophyta	2	0.02	1.00
10_S_B01_2010_12_17_2	1	genus	Nicoletella	1	0.01	0.50
10_S_B01_2010_12_17_2	1	genus	Ralstonia	1	0.01	1.00
10_S_B01_2010_12_17_2	1	genus	Shuttleworthia	6	0.07	0.93
10_S_B01_2010_12_17_2	1	genus	Phocoenobacter	4	0.05	0.56
10_S_B01_2010_12_17_2	1	genus	Johnsonella	12	0.14	0.88
10_S_B01_2010_12_17_2	1	genus	Peptococcus	4	0.05	0.69
10_S_B01_2010_12_17_2	1	genus	Centipeda	14	0.16	0.72
10_S_B01_2010_12_17_2	1	genus	Peptostreptococcaceae_incertae_sedis	3	0.03	0.84
10_S_B01_2010_12_17_2	1	genus	Dialister	16	0.18	0.90
10_S_B01_2010_12_17_2	1	genus	Peptostreptococcus	8	0.09	0.88
10_S_B01_2010_12_17_2	1	genus	Xylanibacter	10	0.11	0.64
10_S_B01_2010_12_17_2	1	genus	Aggregatibacter	260	2.97	0.99
10_S_B01_2010_12_17_2	1	genus	Oribacterium	22	0.25	0.97
10_S_B01_2010_12_17_2	1	genus	Abiotrophia	9	0.10	0.93
10_S_B01_2010_12_17_2	1	genus	Bergeriella	8	0.09	0.81
10_S_B01_2010_12_17_2	1	genus	Syntrophococcus	20	0.23	0.61
10_S_B01_2010_12_17_2	1	genus	Aminobacterium	7	0.08	0.52
10_S_B01_2010_12_17_2	1	genus	Cardiobacterium	46	0.53	0.94
10_S_B01_2010_12_17_2	1	genus	Fusobacterium	614	7.02	0.98
10_S_B01_2010_12_17_2	1	genus	Staphylococcus	1	0.01	1.00
10_S_B01_2010_12_17_2	1	genus	Thermovirga	8	0.09	0.62
10_S_B01_2010_12_17_2	1	genus	Leptotrichia	594	6.79	0.99
10_S_B01_2010_12_17_2	1	genus	Granulicatella	37	0.42	0.88
10_S_B01_2010_12_17_2	1	genus	Kingella	58	0.66	0.82
10_S_B01_2010_12_17_2	1	genus	Asteroleplasma	2	0.02	0.58
10_S_B01_2010_12_17_2	1	genus	Sphingomonas	1	0.01	1.00
10_S_B01_2010_12_17_2	1	genus	Haemophilus	25	0.29	0.82
10_S_B01_2010_12_17_2	1	genus	Aminiphilus	2	0.02	0.53
10_S_B01_2010_12_17_2	1	genus	Brochothrix	2	0.02	1.00
10_S_B01_2010_12_17_2	1	genus	Odoribacter	1	0.01	1.00
10_S_B01_2010_12_17_2	1	genus	Solobacterium	12	0.14	0.93
10_S_B01_2010_12_17_2	1	genus	Alysiella	1	0.01	0.69
10_S_B01_2010_12_17_2	1	genus	Porphyromonas	787	8.99	0.98
10_S_B01_2010_12_17_2	1	genus	Selenomonas	132	1.51	0.96
10_S_B01_2010_12_17_2	1	genus	Neisseria	231	2.64	0.93
10_S_B01_2010_12_17_2	1	genus	Bacteroides	6	0.07	0.89
10_S_B01_2010_12_17_2	1	genus	Allisonella	1	0.01	0.70
10_S_B01_2010_12_17_2	1	genus	Rikenella	8	0.09	0.73
10_S_B01_2010_12_17_2	1	genus	Campylobacter	56	0.64	1.00
10_S_B01_2010_12_17_2	1	genus	Filifactor	40	0.46	0.93
10_S_B01_2010_12_17_2	1	genus	Gemella	29	0.33	0.97
10_S_B01_2010_12_17_2	1	genus	Schwartzia	18	0.21	0.64
10_S_B01_2010_12_17_2	1	genus	Sneathia	7	0.08	0.59
10_S_B01_2010_12_17_2	1	genus	Desulfomicrobium	3	0.03	1.00
10_S_B01_2010_12_17_2	1	genus	Desulfobulbus	8	0.09	0.93
10_S_B01_2010_12_17_2	1	genus	Tannerella	129	1.47	0.91
10_S_B01_2010_12_17_2	1	genus	Shinella	1	0.01	1.00
10_S_B01_2010_12_17_2	1	genus	Anaeroglobus	7	0.08	0.87
10_S_B01_2010_12_17_2	1	genus	Prevotella	941	10.75	0.97
10_S_B01_2010_12_17_2	1	genus	Streptococcus	993	11.35	0.97
10_S_B01_2010_12_17_2	1	genus	Propionivibrio	4	0.05	0.66
10_S_B01_2010_12_17_2	1	genus	Hallella	10	0.11	0.67
10_S_B01_2010_12_17_2	1	genus	Mitsuokella	1	0.01	0.52
10_S_B01_2010_12_17_2	1	genus	Paludibacter	103	1.18	0.72
10_S_B01_2010_12_17_2	1	genus	Paraprevotella	7	0.08	0.61
10_S_B01_2010_12_17_2	1	genus	Bulleidia	4	0.05	1.00
10_S_B01_2010_12_17_2	1	genus	Phocaeicola	19	0.22	0.97
10_S_B01_2010_12_17_2	1	genus	Pseudoramibacter	14	0.16	1.00
10_S_B01_2010_12_17_2	1	genus	Veillonella	323	3.69	0.98
10_S_B01_2010_12_17_2	1	genus	Pectinatus	1	0.01	0.57
10_S_B01_2010_12_17_2	1	genus	Lactobacillus	6	0.07	1.00
10_S_B01_2010_12_17_2	1	genus	Derxia	5	0.06	0.67
10_S_B01_2010_12_17_2	1	genus	Conchiformibius	9	0.10	0.59
10_S_B01_2010_12_17_2	1	genus	Burkholderia	1	0.01	1.00
10_S_B01_2010_12_17_2	1	genus	Eubacterium	75	0.86	0.88
10_S_B01_2010_12_17_2	1	genus	Actinobacillus	6	0.07	0.80
10_S_B01_2010_12_17_2	1	genus	Finegoldia	2	0.02	1.00
10_S_B01_2010_12_17_2	1	genus	Streptobacillus	2	0.02	0.77
10_S_B01_2010_12_17_2	1	genus	Treponema	363	4.15	0.97
10_S_B01_2010_12_17_2	1	genus	Bellilinea	1	0.01	0.67
10_S_B01_2010_12_17_2	1	genus	Parvimonas	46	0.53	0.96
10_S_B01_2010_12_17_2	1	genus	Eikenella	13	0.15	0.63
10_S_B01_2010_12_17_2	1	genus	Mycoplasma	8	0.09	0.96
10_S_B01_2010_12_17_2	1	genus	Mogibacterium	8	0.09	0.96
10_S_B01_2010_12_17_2	1	genus	Catonella	10	0.11	1.00
10_S_B01_2010_12_17_2	1	genus	Clostridium XIX	31	0.35	0.66
10_S_B01_2010_12_17_2	1	genus	Anaerovorax	5	0.06	0.92
10_S_B01_2010_12_17_2	1	genus	Methylobacterium	12	0.14	1.00
10_S_B01_2010_12_17_2	1	genus	Capnocytophaga	193	2.21	0.96
10_S_B01_2010_12_17_2	2	rootrank	Root	8751	100.00	1.00
10_S_B01_2010_12_17_2	2	domain	Bacteria	8748	99.97	1.00
10_S_B01_2010_12_17_2	2	phylum	Spirochaetes	341	3.90	0.99
10_S_B01_2010_12_17_2	2	phylum	Chloroflexi	1	0.01	0.98
10_S_B01_2010_12_17_2	2	phylum	TM7	29	0.33	1.00
10_S_B01_2010_12_17_2	2	phylum	Firmicutes	1983	22.66	1.00
10_S_B01_2010_12_17_2	2	phylum	Bacteroidetes	2330	26.63	1.00
10_S_B01_2010_12_17_2	2	phylum	Synergistetes	99	1.13	0.93
10_S_B01_2010_12_17_2	2	phylum	Actinobacteria	1652	18.88	1.00
10_S_B01_2010_12_17_2	2	phylum	Tenericutes	8	0.09	0.96
10_S_B01_2010_12_17_2	2	phylum	Cyanobacteria/Chloroplast	2	0.02	1.00
10_S_B01_2010_12_17_2	2	phylum	SR1	1	0.01	1.00
10_S_B01_2010_12_17_2	2	phylum	Fusobacteria	1242	14.19	1.00
10_S_B01_2010_12_17_2	2	phylum	Proteobacteria	782	8.94	1.00
10_S_B01_2010_12_17_2	2	class	Spirochaetes	341	3.90	0.99
10_S_B01_2010_12_17_2	2	class	Betaproteobacteria	351	4.01	0.99
10_S_B01_2010_12_17_2	2	class	Synergistia	99	1.13	0.93
10_S_B01_2010_12_17_2	2	class	Bacteroidia	2061	23.55	0.99
10_S_B01_2010_12_17_2	2	class	Gammaproteobacteria	342	3.91	1.00
10_S_B01_2010_12_17_2	2	class	Flavobacteria	198	2.26	0.99
10_S_B01_2010_12_17_2	2	class	Alphaproteobacteria	13	0.15	1.00
10_S_B01_2010_12_17_2	2	class	Chloroplast	2	0.02	1.00
10_S_B01_2010_12_17_2	2	class	Mollicutes	8	0.09	0.96
10_S_B01_2010_12_17_2	2	class	Epsilonproteobacteria	56	0.64	1.00
10_S_B01_2010_12_17_2	2	class	Bacilli	1094	12.50	0.99
10_S_B01_2010_12_17_2	2	class	Erysipelotrichia	16	0.18	0.95
10_S_B01_2010_12_17_2	2	class	Anaerolineae	1	0.01	0.96
10_S_B01_2010_12_17_2	2	class	Fusobacteria	1242	14.19	1.00
10_S_B01_2010_12_17_2	2	class	Negativicutes	536	6.13	0.99
10_S_B01_2010_12_17_2	2	class	Actinobacteria	1652	18.88	1.00
10_S_B01_2010_12_17_2	2	class	Clostridia	300	3.43	0.99
10_S_B01_2010_12_17_2	2	class	Deltaproteobacteria	11	0.13	0.99
10_S_B01_2010_12_17_2	2	subclass	Actinobacteridae	1562	17.85	1.00
10_S_B01_2010_12_17_2	2	subclass	Coriobacteridae	81	0.93	1.00
10_S_B01_2010_12_17_2	2	suborder	Micrococcineae	95	1.09	0.98
10_S_B01_2010_12_17_2	2	suborder	Coriobacterineae	81	0.93	1.00
10_S_B01_2010_12_17_2	2	suborder	Corynebacterineae	500	5.71	0.98
10_S_B01_2010_12_17_2	2	suborder	Actinomycineae	622	7.11	0.98
10_S_B01_2010_12_17_2	2	suborder	Propionibacterineae	47	0.54	1.00
10_S_B01_2010_12_17_2	2	order	Cardiobacteriales	40	0.46	0.99
10_S_B01_2010_12_17_2	2	order	Pasteurellales	299	3.42	1.00
10_S_B01_2010_12_17_2	2	order	Neisseriales	338	3.86	0.99
10_S_B01_2010_12_17_2	2	order	Sphingomonadales	1	0.01	1.00
10_S_B01_2010_12_17_2	2	order	Clostridiales	300	3.43	0.99
10_S_B01_2010_12_17_2	2	order	Mycoplasmatales	8	0.09	0.96
10_S_B01_2010_12_17_2	2	order	Desulfobacterales	7	0.08	0.98
10_S_B01_2010_12_17_2	2	order	Lactobacillales	1043	11.92	0.99
10_S_B01_2010_12_17_2	2	order	Burkholderiales	8	0.09	0.97
10_S_B01_2010_12_17_2	2	order	Fusobacteriales	1242	14.19	1.00
10_S_B01_2010_12_17_2	2	order	Anaerolineales	1	0.01	0.96
10_S_B01_2010_12_17_2	2	order	Erysipelotrichales	16	0.18	0.95
10_S_B01_2010_12_17_2	2	order	Spirochaetales	341	3.90	0.99
10_S_B01_2010_12_17_2	2	order	Bacillales	30	0.34	1.00
10_S_B01_2010_12_17_2	2	order	Rhodocyclales	1	0.01	1.00
10_S_B01_2010_12_17_2	2	order	Rhizobiales	12	0.14	1.00
10_S_B01_2010_12_17_2	2	order	Flavobacteriales	198	2.26	0.99
10_S_B01_2010_12_17_2	2	order	Campylobacterales	56	0.64	1.00
10_S_B01_2010_12_17_2	2	order	Synergistales	99	1.13	0.93
10_S_B01_2010_12_17_2	2	order	Selenomonadales	536	6.13	0.99
10_S_B01_2010_12_17_2	2	order	Desulfovibrionales	4	0.05	0.99
10_S_B01_2010_12_17_2	2	order	Bacteroidales	2061	23.55	0.99
10_S_B01_2010_12_17_2	2	order	Coriobacteriales	81	0.93	1.00
10_S_B01_2010_12_17_2	2	order	Actinomycetales	1512	17.28	1.00
10_S_B01_2010_12_17_2	2	order	Bifidobacteriales	47	0.54	0.99
10_S_B01_2010_12_17_2	2	family	Coriobacteriaceae	81	0.93	1.00
10_S_B01_2010_12_17_2	2	family	Actinomycetaceae	622	7.11	0.98
10_S_B01_2010_12_17_2	2	family	Mycobacteriaceae	20	0.23	0.99
10_S_B01_2010_12_17_2	2	family	Corynebacteriaceae	466	5.33	0.98
10_S_B01_2010_12_17_2	2	family	Micrococcaceae	86	0.98	0.99
10_S_B01_2010_12_17_2	2	family	Propionibacteriaceae	47	0.54	1.00
10_S_B01_2010_12_17_2	2	family	Chloroplast	2	0.02	1.00
10_S_B01_2010_12_17_2	2	family	Leptotrichiaceae	603	6.89	1.00
10_S_B01_2010_12_17_2	2	family	Streptococcaceae	945	10.80	0.99
10_S_B01_2010_12_17_2	2	family	Sphingomonadaceae	1	0.01	1.00
10_S_B01_2010_12_17_2	2	family	Listeriaceae	2	0.02	1.00
10_S_B01_2010_12_17_2	2	family	Desulfomicrobiaceae	3	0.03	1.00
10_S_B01_2010_12_17_2	2	family	Cardiobacteriaceae	40	0.46	0.99
10_S_B01_2010_12_17_2	2	family	Eubacteriaceae	67	0.77	0.99
10_S_B01_2010_12_17_2	2	family	Neisseriaceae	338	3.86	0.99
10_S_B01_2010_12_17_2	2	family	Veillonellaceae	526	6.01	0.99
10_S_B01_2010_12_17_2	2	family	Burkholderiaceae	2	0.02	1.00
10_S_B01_2010_12_17_2	2	family	Staphylococcaceae	1	0.01	1.00
10_S_B01_2010_12_17_2	2	family	Methylobacteriaceae	12	0.14	1.00
10_S_B01_2010_12_17_2	2	family	Erysipelotrichaceae	16	0.18	0.95
10_S_B01_2010_12_17_2	2	family	Clostridiales_Incertae Sedis XIII	13	0.15	0.94
10_S_B01_2010_12_17_2	2	family	Prevotellaceae	971	11.10	0.99
10_S_B01_2010_12_17_2	2	family	Lactobacillaceae	6	0.07	1.00
10_S_B01_2010_12_17_2	2	family	Mycoplasmataceae	8	0.09	0.96
10_S_B01_2010_12_17_2	2	family	Fusobacteriaceae	635	7.26	1.00
10_S_B01_2010_12_17_2	2	family	Spirochaetaceae	341	3.90	0.99
10_S_B01_2010_12_17_2	2	family	Peptococcaceae 1	1	0.01	0.83
10_S_B01_2010_12_17_2	2	family	Synergistaceae	99	1.13	0.93
10_S_B01_2010_12_17_2	2	family	Rhodocyclaceae	1	0.01	1.00
10_S_B01_2010_12_17_2	2	family	Campylobacteraceae	56	0.64	1.00
10_S_B01_2010_12_17_2	2	family	Porphyromonadaceae	992	11.34	0.99
10_S_B01_2010_12_17_2	2	family	Bacillales_Incertae Sedis XI	26	0.30	1.00
10_S_B01_2010_12_17_2	2	family	Carnobacteriaceae	29	0.33	0.96
10_S_B01_2010_12_17_2	2	family	Anaerolineaceae	1	0.01	0.96
10_S_B01_2010_12_17_2	2	family	Pasteurellaceae	299	3.42	1.00
10_S_B01_2010_12_17_2	2	family	Peptostreptococcaceae	43	0.49	0.97
10_S_B01_2010_12_17_2	2	family	Lachnospiraceae	91	1.04	0.97
10_S_B01_2010_12_17_2	2	family	Clostridiales_Incertae Sedis XI	44	0.50	0.99
10_S_B01_2010_12_17_2	2	family	Bacteroidaceae	6	0.07	0.89
10_S_B01_2010_12_17_2	2	family	Flavobacteriaceae	196	2.24	0.99
10_S_B01_2010_12_17_2	2	family	Bacteroidales_incertae_sedis	18	0.21	1.00
10_S_B01_2010_12_17_2	2	family	Aerococcaceae	7	0.08	0.98
10_S_B01_2010_12_17_2	2	family	Desulfobulbaceae	7	0.08	0.98
10_S_B01_2010_12_17_2	2	family	Bifidobacteriaceae	47	0.54	0.99
10_S_B01_2010_12_17_2	2	genus	Bifidobacterium	18	0.21	1.00
10_S_B01_2010_12_17_2	2	genus	Scardovia	23	0.26	0.99
10_S_B01_2010_12_17_2	2	genus	Rothia	85	0.97	0.99
10_S_B01_2010_12_17_2	2	genus	Mycobacterium	20	0.23	0.99
10_S_B01_2010_12_17_2	2	genus	Corynebacterium	433	4.95	0.96
10_S_B01_2010_12_17_2	2	genus	Actinomyces	617	7.05	0.99
10_S_B01_2010_12_17_2	2	genus	Propionibacterium	2	0.02	1.00
10_S_B01_2010_12_17_2	2	genus	Atopobium	20	0.23	1.00
10_S_B01_2010_12_17_2	2	genus	Olsenella	57	0.65	0.99
10_S_B01_2010_12_17_2	2	genus	TM7_genera_incertae_sedis	29	0.33	1.00
10_S_B01_2010_12_17_2	2	genus	SR1_genera_incertae_sedis	1	0.01	1.00
10_S_B01_2010_12_17_2	2	genus	Streptophyta	2	0.02	1.00
10_S_B01_2010_12_17_2	2	genus	Ralstonia	1	0.01	1.00
10_S_B01_2010_12_17_2	2	genus	Shuttleworthia	5	0.06	0.97
10_S_B01_2010_12_17_2	2	genus	Johnsonella	8	0.09	0.99
10_S_B01_2010_12_17_2	2	genus	Peptococcus	1	0.01	0.83
10_S_B01_2010_12_17_2	2	genus	Centipeda	5	0.06	0.87
10_S_B01_2010_12_17_2	2	genus	Peptostreptococcaceae_incertae_sedis	2	0.02	0.97
10_S_B01_2010_12_17_2	2	genus	Dialister	12	0.14	1.00
10_S_B01_2010_12_17_2	2	genus	Peptostreptococcus	6	0.07	1.00
10_S_B01_2010_12_17_2	2	genus	Xylanibacter	2	0.02	0.82
10_S_B01_2010_12_17_2	2	genus	Aggregatibacter	256	2.93	0.99
10_S_B01_2010_12_17_2	2	genus	Oribacterium	22	0.25	0.97
10_S_B01_2010_12_17_2	2	genus	Abiotrophia	7	0.08	0.98
10_S_B01_2010_12_17_2	2	genus	Bergeriella	5	0.06	0.90
10_S_B01_2010_12_17_2	2	genus	Eubacterium	53	0.61	0.99
10_S_B01_2010_12_17_2	2	genus	Finegoldia	2	0.02	1.00
10_S_B01_2010_12_17_2	2	genus	Cardiobacterium	40	0.46	0.99
10_S_B01_2010_12_17_2	2	genus	Fusobacterium	598	6.83	0.99
10_S_B01_2010_12_17_2	2	genus	Staphylococcus	1	0.01	1.00
10_S_B01_2010_12_17_2	2	genus	Thermovirga	1	0.01	0.84
10_S_B01_2010_12_17_2	2	genus	Leptotrichia	583	6.66	1.00
10_S_B01_2010_12_17_2	2	genus	Granulicatella	28	0.32	0.95
10_S_B01_2010_12_17_2	2	genus	Kingella	38	0.43	0.93
10_S_B01_2010_12_17_2	2	genus	Sphingomonas	1	0.01	1.00
10_S_B01_2010_12_17_2	2	genus	Haemophilus	17	0.19	0.87
10_S_B01_2010_12_17_2	2	genus	Brochothrix	2	0.02	1.00
10_S_B01_2010_12_17_2	2	genus	Odoribacter	1	0.01	1.00
10_S_B01_2010_12_17_2	2	genus	Solobacterium	12	0.14	0.93
10_S_B01_2010_12_17_2	2	genus	Porphyromonas	753	8.60	0.99
10_S_B01_2010_12_17_2	2	genus	Selenomonas	124	1.42	0.98
10_S_B01_2010_12_17_2	2	genus	Neisseria	198	2.26	0.97
10_S_B01_2010_12_17_2	2	genus	Bacteroides	6	0.07	0.89
10_S_B01_2010_12_17_2	2	genus	Campylobacter	56	0.64	1.00
10_S_B01_2010_12_17_2	2	genus	Filifactor	35	0.40	0.97
10_S_B01_2010_12_17_2	2	genus	Gemella	26	0.30	1.00
10_S_B01_2010_12_17_2	2	genus	Schwartzia	1	0.01	0.80
10_S_B01_2010_12_17_2	2	genus	Sneathia	1	0.01	0.86
10_S_B01_2010_12_17_2	2	genus	Desulfobulbus	7	0.08	0.97
10_S_B01_2010_12_17_2	2	genus	Tannerella	100	1.14	0.98
10_S_B01_2010_12_17_2	2	genus	Shinella	1	0.01	1.00
10_S_B01_2010_12_17_2	2	genus	Anaeroglobus	5	0.06	0.99
10_S_B01_2010_12_17_2	2	genus	Prevotella	879	10.04	0.99
10_S_B01_2010_12_17_2	2	genus	Streptococcus	943	10.78	0.99
10_S_B01_2010_12_17_2	2	genus	Bulleidia	4	0.05	1.00
10_S_B01_2010_12_17_2	2	genus	Hallella	1	0.01	1.00
10_S_B01_2010_12_17_2	2	genus	Paludibacter	13	0.15	0.82
10_S_B01_2010_12_17_2	2	genus	Syntrophococcus	1	0.01	0.81
10_S_B01_2010_12_17_2	2	genus	Phocaeicola	18	0.21	1.00
10_S_B01_2010_12_17_2	2	genus	Pseudoramibacter	14	0.16	1.00
10_S_B01_2010_12_17_2	2	genus	Veillonella	309	3.53	0.99
10_S_B01_2010_12_17_2	2	genus	Lactobacillus	6	0.07	1.00
10_S_B01_2010_12_17_2	2	genus	Burkholderia	1	0.01	1.00
10_S_B01_2010_12_17_2	2	genus	Desulfomicrobium	3	0.03	1.00
10_S_B01_2010_12_17_2	2	genus	Actinobacillus	4	0.05	0.86
10_S_B01_2010_12_17_2	2	genus	Streptobacillus	1	0.01	0.90
10_S_B01_2010_12_17_2	2	genus	Treponema	340	3.89	0.99
10_S_B01_2010_12_17_2	2	genus	Parvimonas	42	0.48	0.99
10_S_B01_2010_12_17_2	2	genus	Eikenella	1	0.01	0.93
10_S_B01_2010_12_17_2	2	genus	Mycoplasma	8	0.09	0.96
10_S_B01_2010_12_17_2	2	genus	Mogibacterium	8	0.09	0.96
10_S_B01_2010_12_17_2	2	genus	Catonella	10	0.11	1.00
10_S_B01_2010_12_17_2	2	genus	Clostridium XIX	4	0.05	0.89
10_S_B01_2010_12_17_2	2	genus	Anaerovorax	5	0.06	0.92
10_S_B01_2010_12_17_2	2	genus	Methylobacterium	12	0.14	1.00
10_S_B01_2010_12_17_2	2	genus	Capnocytophaga	176	2.01	0.99
