Sample FullName	SampleName	SampleID	SampleDate	SampleRegion	SampleBarcode	PatientID	Site	Site Depth
1_D_A01_2010_12_17_2_ACACGT	1_D_A01_2010_12_17_2	1_D_A01	2010_12_17	2	ACACGT	1	Oral	Deep
1_S_A02_2010_12_17_2_ACAGTG	1_S_A02_2010_12_17_2	1_S_A02	2010_12_17	2	ACAGTG	1	Oral	Shallow
10_D_B02_2010_12_17_2_CACGTA	10_D_B02_2010_12_17_2	10_D_B02	2010_12_17	2	CACGTA	10	Oral	Deep
10_S_B01_2010_12_17_2_ATGTCG	10_S_B01_2010_12_17_2	10_S_B01	2010_12_17	2	ATGTCG	10	Oral	Shallow
11_D_B04_2010_12_17_2_CAGTCA	11_D_B04_2010_12_17_2	11_D_B04	2010_12_17	2	CAGTCA	11	Oral	Deep
11_S_B03_2010_12_17_2_CAGATC	11_S_B03_2010_12_17_2	11_S_B03	2010_12_17	2	CAGATC	11	Oral	Shallow
12_D_B06_2010_12_17_2_CATGCA	12_D_B06_2010_12_17_2	12_D_B06	2010_12_17	2	CATGCA	12	Oral	Deep
12_S_B05_2010_12_17_2_CATCAG	12_S_B05_2010_12_17_2	12_S_B05	2010_12_17	2	CATCAG	12	Oral	Shallow
14_D_B10_2010_12_17_2_CTAGAC	14_D_B10_2010_12_17_2	14_D_B10	2010_12_17	2	CTAGAC	14	Oral	Deep
14_S_B09_2010_12_17_2_CGTGAT	14_S_B09_2010_12_17_2	14_S_B09	2010_12_17	2	CGTGAT	14	Oral	Shallow
15_D_B12_2010_12_17_2_CTCGTA	15_D_B12_2010_12_17_2	15_D_B12	2010_12_17	2	CTCGTA	15	Oral	Deep
15_S_B11_2010_12_17_2_CTATGC	15_S_B11_2010_12_17_2	15_S_B11	2010_12_17	2	CTATGC	15	Oral	Shallow
16_D_C02_2010_12_17_2_CTGTAC	16_D_C02_2010_12_17_2	16_D_C02	2010_12_17	2	CTGTAC	16	Oral	Deep
16_S_C01_2010_12_17_2_CTGAGT	16_S_C01_2010_12_17_2	16_S_C01	2010_12_17	2	CTGAGT	16	Oral	Shallow
17_D_C04_2010_12_17_2_GCATGT	17_D_C04_2010_12_17_2	17_D_C04	2010_12_17	2	GCATGT	17	Oral	Deep
17_S_C03_2010_12_17_2_GACGAT	17_S_C03_2010_12_17_2	17_S_C03	2010_12_17	2	GACGAT	17	Oral	Shallow
18_D_C06_2010_12_17_2_GATAGC	18_D_C06_2010_12_17_2	18_D_C06	2010_12_17	2	GATAGC	18	Oral	Deep
18_S_C05_2010_12_17_2_GAGCTA	18_S_C05_2010_12_17_2	18_S_C05	2010_12_17	2	GAGCTA	18	Oral	Shallow
19_D_C08_2010_12_17_2_GCACTA	19_D_C08_2010_12_17_2	19_D_C08	2010_12_17	2	GCACTA	19	Oral	Deep
19_S_C07_2010_12_17_2_GATGAC	19_S_C07_2010_12_17_2	19_S_C07	2010_12_17	2	GATGAC	19	Oral	Shallow
2_D_A03_2010_12_17_2_ACGATC	2_D_A03_2010_12_17_2	2_D_A03	2010_12_17	2	ACGATC	2	Oral	Deep
2_S_A04_2010_12_17_2_ACTACG	2_S_A04_2010_12_17_2	2_S_A04	2010_12_17	2	ACTACG	2	Oral	Shallow
22_D_D02_2010_12_17_2_GTCGTA	22_D_D02_2010_12_17_2	22_D_D02	2010_12_17	2	GTCGTA	22	Oral	Deep
22_S_D01_2010_12_17_2_GTCACT	22_S_D01_2010_12_17_2	22_S_D01	2010_12_17	2	GTCACT	22	Oral	Shallow
23_D_D04_2010_12_17_2_GTGTCA	23_D_D04_2010_12_17_2	23_D_D04	2010_12_17	2	GTGTCA	23	Oral	Deep
23_S_D03_2010_12_17_2_GTGATC	23_S_D03_2010_12_17_2	23_S_D03	2010_12_17	2	GTGATC	23	Oral	Shallow
24_D_D06_2010_12_17_2_TAGCAC	24_D_D06_2010_12_17_2	24_D_D06	2010_12_17	2	TAGCAC	24	Oral	Deep
24_S_D05_2010_12_17_2_TACGTG	24_S_D05_2010_12_17_2	24_S_D05	2010_12_17	2	TACGTG	24	Oral	Shallow
26_D_D10_2010_12_17_2_TCTACG	26_D_D10_2010_12_17_2	26_D_D10	2010_12_17	2	TCTACG	26	Oral	Deep
26_S_D09_2010_12_17_2_TCGAGT	26_S_D09_2010_12_17_2	26_S_D09	2010_12_17	2	TCGAGT	26	Oral	Shallow
28_D_C09_2010_12_17_2_GCATAG	28_D_C09_2010_12_17_2	28_D_C09	2010_12_17	2	GCATAG	28	Oral	Deep
28_S_C10_2010_12_17_2_GCTATC	28_S_C10_2010_12_17_2	28_S_C10	2010_12_17	2	GCTATC	28	Oral	Shallow
29_D_C11_2010_12_17_2_GCTGTA	29_D_C11_2010_12_17_2	29_D_C11	2010_12_17	2	GCTGTA	29	Oral	Deep
29_S_C12_2010_12_17_2_GTAGAC	29_S_C12_2010_12_17_2	29_S_C12	2010_12_17	2	GTAGAC	29	Oral	Shallow
30_D_D07_2010_12_17_2_TCACAG	30_D_D07_2010_12_17_2	30_D_D07	2010_12_17	2	TCACAG	30	Oral	Deep
30_S_D08_2010_12_17_2_TCAGTC	30_S_D08_2010_12_17_2	30_S_D08	2010_12_17	2	TCAGTC	30	Oral	Shallow
31_D_D11_2010_12_17_2_TCTGAC	31_D_D11_2010_12_17_2	31_D_D11	2010_12_17	2	TCTGAC	31	Oral	Deep
31_S_D12_2010_12_17_2_TGACTG	31_S_D12_2010_12_17_2	31_S_D12	2010_12_17	2	TGACTG	31	Oral	Shallow
4_D_B07_2010_12_17_2_CGATAC	4_D_B07_2010_12_17_2	4_D_B07	2010_12_17	2	CGATAC	4	Oral	Deep
4_S_B08_2010_12_17_2_CGTAGT	4_S_B08_2010_12_17_2	4_S_B08	2010_12_17	2	CGTAGT	4	Oral	Shallow
6_D_A06_2010_12_17_2_AGACGT	6_D_A06_2010_12_17_2	6_D_A06	2010_12_17	2	AGACGT	6	Oral	Deep
6_S_A05_2010_12_17_2_ACTCTG	6_S_A05_2010_12_17_2	6_S_A05	2010_12_17	2	ACTCTG	6	Oral	Shallow
7_D_A08_2010_12_17_2_AGCTCT	7_D_A08_2010_12_17_2	7_D_A08	2010_12_17	2	AGCTCT	7	Oral	Deep
7_S_A07_2010_12_17_2_AGATGC	7_S_A07_2010_12_17_2	7_S_A07	2010_12_17	2	AGATGC	7	Oral	Shallow
8_D_A10_2010_12_17_2_AGTGCA	8_D_A10_2010_12_17_2	8_D_A10	2010_12_17	2	AGTGCA	8	Oral	Deep
8_S_A09_2010_12_17_2_AGTCAC	8_S_A09_2010_12_17_2	8_S_A09	2010_12_17	2	AGTCAC	8	Oral	Shallow
9_D_A12_2010_12_17_2_ATCACG	9_D_A12_2010_12_17_2	9_D_A12	2010_12_17	2	ATCACG	9	Oral	Deep
9_S_A11_2010_12_17_2_ATCGAC	9_S_A11_2010_12_17_2	9_S_A11	2010_12_17	2	ATCGAC	9	Oral	Shallow
S1_1_2011_02_15_1_ACGATC	S1_1_2011_02_15_1	S1_1	2011_02_15	1	ACGATC	50	Oral	Shallow
S1_1_2011_04_27_1_CACTGA	S1_1_2011_04_27_1	S1_1	2011_04_27	1	CACTGA	76	Oral	Deep
S1_2_2011_02_15_2_TGAGCA	S1_2_2011_02_15_2	S1_2	2011_02_15	2	TGAGCA	48	Oral	Deep
S10_1_2011_02_15_1_CATGCA	S10_1_2011_02_15_1	S10_1	2011_02_15	1	CATGCA	57	Oral	Deep
S10_1_2011_04_27_1_AGAGCT	S10_1_2011_04_27_1	S10_1	2011_04_27	1	AGAGCT	32	Oral	Deep
S10_2_2011_02_15_2_ATGCAC	S10_2_2011_02_15_2	S10_2	2011_02_15	2	ATGCAC	25	Oral	Deep
S11_1_2011_02_15_1_CAGATC	S11_1_2011_02_15_1	S11_1	2011_02_15	1	CAGATC	56	Oral	Shallow
S11_1_2011_04_27_1_GATGTC	S11_1_2011_04_27_1	S11_1	2011_04_27	1	GATGTC	85	Oral	Shallow
S11_2_2011_02_15_2_CTATGC	S11_2_2011_02_15_2	S11_2	2011_02_15	2	CTATGC	60	Oral	Shallow
S12_1_2011_02_15_1_GAGTCA	S12_1_2011_02_15_1	S12_1	2011_02_15	1	GAGTCA	39	Oral	Shallow
S12_1_2011_04_27_1_GCAGTA	S12_1_2011_04_27_1	S12_1	2011_04_27	1	GCAGTA	85	Oral	Deep
S12_2_2011_02_15_2_TCTCAG	S12_2_2011_02_15_2	S12_2	2011_02_15	2	TCTCAG	47	Oral	Deep
S13_1_2011_02_15_1_ACTCTG	S13_1_2011_02_15_1	S13_1	2011_02_15	1	ACTCTG	51	Oral	Shallow
S13_1_2011_04_27_1_CGATGT	S13_1_2011_04_27_1	S13_1	2011_04_27	1	CGATGT	79	Oral	Shallow
S13_2_2011_02_15_2_ATCACG	S13_2_2011_02_15_2	S13_2	2011_02_15	2	ATCACG	21	Oral	Deep
S14_1_2011_02_15_1_AGACGT	S14_1_2011_02_15_1	S14_1	2011_02_15	1	AGACGT	51	Oral	Deep
S14_1_2011_04_27_1_CTAGTC	S14_1_2011_04_27_1	S14_1	2011_04_27	1	CTAGTC	80	Oral	Deep
S14_2_2011_02_15_2_AGTACG	S14_2_2011_02_15_2	S14_2	2011_02_15	2	AGTACG	20	Oral	Deep
S15_1_2011_02_15_1_CAGTCA	S15_1_2011_02_15_1	S15_1	2011_02_15	1	CAGTCA	56	Oral	Deep
S15_1_2011_04_27_1_ATCTCG	S15_1_2011_04_27_1	S15_1	2011_04_27	1	ATCTCG	75	Oral	Shallow
S15_2_2011_02_15_2_ATCTCG	S15_2_2011_02_15_2	S15_2	2011_02_15	2	ATCTCG	25	Oral	Shallow
S16_1_2011_02_15_1_GATCGA	S16_1_2011_02_15_1	S16_1	2011_02_15	1	GATCGA	39	Oral	Deep
S16_1_2011_04_27_1_AGTCTC	S16_1_2011_04_27_1	S16_1	2011_04_27	1	AGTCTC	73	Oral	Shallow
S16_2_2011_02_15_2_TCGAGT	S16_2_2011_02_15_2	S16_2	2011_02_15	2	TCGAGT	71	Oral	Shallow
S17_1_2011_02_15_1_CTGAGT	S17_1_2011_02_15_1	S17_1	2011_02_15	1	CTGAGT	61	Oral	Shallow
S17_1_2011_04_27_1_CATCTG	S17_1_2011_04_27_1	S17_1	2011_04_27	1	CATCTG	78	Oral	Shallow
S17_2_2011_02_15_2_GCAGTA	S17_2_2011_02_15_2	S17_2	2011_02_15	2	GCAGTA	40	Oral	Deep
S18_1_2011_02_15_1_CTGTAC	S18_1_2011_02_15_1	S18_1	2011_02_15	1	CTGTAC	61	Oral	Deep
S18_1_2011_04_27_1_TCGTAC	S18_1_2011_04_27_1	S18_1	2011_04_27	1	TCGTAC	92	Oral	Shallow
S18_2_2011_02_15_2_CGTAGT	S18_2_2011_02_15_2	S18_2	2011_02_15	2	CGTAGT	58	Oral	Deep
S19_1_2011_02_15_1_TAGTCG	S19_1_2011_02_15_1	S19_1	2011_02_15	1	TAGTCG	45	Oral	Deep
S19_1_2011_04_27_1_ACTCAG	S19_1_2011_04_27_1	S19_1	2011_04_27	1	ACTCAG	18	Oral	Deep
S19_2_2011_02_15_2_TCTGAC	S19_2_2011_02_15_2	S19_2	2011_02_15	2	TCTGAC	72	Oral	Shallow
S2_1_2011_02_15_1_ACAGCT	S2_1_2011_02_15_1	S2_1	2011_02_15	1	ACAGCT	3	Oral	Shallow
S2_1_2011_04_27_1_GTATCG	S2_1_2011_04_27_1	S2_1	2011_04_27	1	GTATCG	87	Oral	Deep
S2_2_2011_02_15_2_TCTACG	S2_2_2011_02_15_2	S2_2	2011_02_15	2	TCTACG	71	Oral	Deep
S20_1_2011_02_15_1_GAGCTA	S20_1_2011_02_15_1	S20_1	2011_02_15	1	GAGCTA	63	Oral	Shallow
S20_1_2011_04_27_1_GCTCTA	S20_1_2011_04_27_1	S20_1	2011_04_27	1	GCTCTA	86	Oral	Deep
S20_2_2011_02_15_2_GCACTA	S20_2_2011_02_15_2	S20_2	2011_02_15	2	GCACTA	64	Oral	Deep
S21_1_2011_02_15_1_CGATAC	S21_1_2011_02_15_1	S21_1	2011_02_15	1	CGATAC	58	Oral	Shallow
S21_1_2011_04_27_1_ACTGCA	S21_1_2011_04_27_1	S21_1	2011_04_27	1	ACTGCA	32	Oral	Shallow
S21_2_2011_02_15_2_CAGCTA	S21_2_2011_02_15_2	S21_2	2011_02_15	2	CAGCTA	54	Oral	Deep
S22_1_2011_02_15_1_TCACAG	S22_1_2011_02_15_1	S22_1	2011_02_15	1	TCACAG	70	Oral	Shallow
S22_1_2011_04_27_1_CAGCTA	S22_1_2011_04_27_1	S22_1	2011_04_27	1	CAGCTA	77	Oral	Shallow
S22_2_2011_02_15_2_CGTCAT	S22_2_2011_02_15_2	S22_2	2011_02_15	2	CGTCAT	34	Oral	Deep
S23_1_2011_02_15_1_GTGTCA	S23_1_2011_02_15_1	S23_1	2011_02_15	1	GTGTCA	68	Oral	Deep
S23_1_2011_04_27_1_GCATGA	S23_1_2011_04_27_1	S23_1	2011_04_27	1	GCATGA	86	Oral	Shallow
S23_2_2011_02_15_2_CTAGTC	S23_2_2011_02_15_2	S23_2	2011_02_15	2	CTAGTC	35	Oral	Deep
S24_1_2011_02_15_1_GACGAT	S24_1_2011_02_15_1	S24_1	2011_02_15	1	GACGAT	62	Oral	Shallow
S24_1_2011_04_27_1_TCAGAC	S24_1_2011_04_27_1	S24_1	2011_04_27	1	TCAGAC	91	Oral	Shallow
S24_2_2011_02_15_2_CTACAG	S24_2_2011_02_15_2	S24_2	2011_02_15	2	CTACAG	35	Oral	Shallow
S25_1_2011_02_15_1_ACATGC	S25_1_2011_02_15_1	S25_1	2011_02_15	1	ACATGC	3	Oral	Deep
S25_1_2011_04_27_1_TCATGC	S25_1_2011_04_27_1	S25_1	2011_04_27	1	TCATGC	91	Oral	Deep
S25_2_2011_02_15_2_GCATAG	S25_2_2011_02_15_2	S25_2	2011_02_15	2	GCATAG	65	Oral	Shallow
S26_1_2011_02_15_1_GTCGTA	S26_1_2011_02_15_1	S26_1	2011_02_15	1	GTCGTA	67	Oral	Deep
S26_1_2011_04_27_1_GATCGA	S26_1_2011_04_27_1	S26_1	2011_04_27	1	GATCGA	84	Oral	Deep
S26_2_2011_02_15_2_GCTATC	S26_2_2011_02_15_2	S26_2	2011_02_15	2	GCTATC	65	Oral	Deep
S27_1_2011_02_15_1_TACGTG	S27_1_2011_02_15_1	S27_1	2011_02_15	1	TACGTG	69	Oral	Shallow
S27_1_2011_04_27_1_GAGATC	S27_1_2011_04_27_1	S27_1	2011_04_27	1	GAGATC	83	Oral	Deep
S27_2_2011_02_15_2_TCGTAC	S27_2_2011_02_15_2	S27_2	2011_02_15	2	TCGTAC	47	Oral	Shallow
S28_1_2011_02_15_1_TACTGC	S28_1_2011_02_15_1	S28_1	2011_02_15	1	TACTGC	45	Oral	Shallow
S28_1_2011_04_27_1_CATACG	S28_1_2011_04_27_1	S28_1	2011_04_27	1	CATACG	77	Oral	Deep
S28_2_2011_02_15_2_AGTCAC	S28_2_2011_02_15_2	S28_2	2011_02_15	2	AGTCAC	27	Oral	Shallow
S29_1_2011_02_15_1_GATGTC	S29_1_2011_02_15_1	S29_1	2011_02_15	1	GATGTC	40	Oral	Shallow
S29_1_2011_04_27_1_ACAGCT	S29_1_2011_04_27_1	S29_1	2011_04_27	1	ACAGCT	9	Oral	Deep
S29_2_2011_02_15_2_TCAGTC	S29_2_2011_02_15_2	S29_2	2011_02_15	2	TCAGTC	70	Oral	Deep
S3_1_2011_02_15_1_ACACGT	S3_1_2011_02_15_1	S3_1	2011_02_15	1	ACACGT	49	Oral	Shallow
S3_1_2011_04_27_1_TCTCAG	S3_1_2011_04_27_1	S3_1	2011_04_27	1	TCTCAG	92	Oral	Deep
S3_2_2011_02_15_2_CTCTGA	S3_2_2011_02_15_2	S3_2	2011_02_15	2	CTCTGA	67	Oral	Shallow
S30_1_2011_02_15_1_CATCTG	S30_1_2011_02_15_1	S30_1	2011_02_15	1	CATCTG	33	Oral	Shallow
S30_1_2011_04_27_1_GACTAC	S30_1_2011_04_27_1	S30_1	2011_04_27	1	GACTAC	83	Oral	Shallow
S30_2_2011_02_15_2_AGTGCA	S30_2_2011_02_15_2	S30_2	2011_02_15	2	AGTGCA	74	Oral	Shallow
S31_1_2011_02_15_1_CACGTA	S31_1_2011_02_15_1	S31_1	2011_02_15	1	CACGTA	55	Oral	Deep
S31_1_2011_04_27_1_GTGCTA	S31_1_2011_04_27_1	S31_1	2011_04_27	1	GTGCTA	89	Oral	Shallow
S31_2_2011_02_15_2_GTCACT	S31_2_2011_02_15_2	S31_2	2011_02_15	2	GTCACT	34	Oral	Shallow
S32_1_2011_02_15_1_AGAGCT	S32_1_2011_02_15_1	S32_1	2011_02_15	1	AGAGCT	13	Oral	Deep
S32_1_2011_04_27_1_GACACT	S32_1_2011_04_27_1	S32_1	2011_04_27	1	GACACT	82	Oral	Deep
S32_2_2011_02_15_2_GCTCTA	S32_2_2011_02_15_2	S32_2	2011_02_15	2	GCTCTA	41	Oral	Deep
S33_1_2011_02_15_1_GTCTCA	S33_1_2011_02_15_1	S33_1	2011_02_15	1	GTCTCA	43	Oral	Deep
S33_1_2011_04_27_1_TACAGC	S33_1_2011_04_27_1	S33_1	2011_04_27	1	TACAGC	89	Oral	Deep
S33_2_2011_02_15_2_TGACTG	S33_2_2011_02_15_2	S33_2	2011_02_15	2	TGACTG	36	Oral	Deep
S34_1_2011_02_15_1_TACAGC	S34_1_2011_02_15_1	S34_1	2011_02_15	1	TACAGC	44	Oral	Deep
S34_1_2011_04_27_1_ACGTCA	S34_1_2011_04_27_1	S34_1	2011_04_27	1	ACGTCA	18	Oral	Shallow
S34_2_2011_02_15_2_GTATCG	S34_2_2011_02_15_2	S34_2	2011_02_15	2	GTATCG	42	Oral	Deep
S35_1_2011_02_15_1_CATCAG	S35_1_2011_02_15_1	S35_1	2011_02_15	1	CATCAG	57	Oral	Shallow
S35_1_2011_04_27_1_ACATGC	S35_1_2011_04_27_1	S35_1	2011_04_27	1	ACATGC	17	Oral	Deep
S35_2_2011_02_15_2_CGACAT	S35_2_2011_02_15_2	S35_2	2011_02_15	2	CGACAT	60	Oral	Deep
S36_1_2011_02_15_1_GATGAC	S36_1_2011_02_15_1	S36_1	2011_02_15	1	GATGAC	64	Oral	Shallow
S36_1_2011_04_27_1_CACATG	S36_1_2011_04_27_1	S36_1	2011_04_27	1	CACATG	76	Oral	Shallow
S36_2_2011_02_15_2_TGACAC	S36_2_2011_02_15_2	S36_2	2011_02_15	2	TGACAC	48	Oral	Shallow
S37_1_2011_02_15_1_CTGCAT	S37_1_2011_02_15_1	S37_1	2011_02_15	1	CTGCAT	37	Oral	Shallow
S37_1_2011_04_27_1_TAGTCG	S37_1_2011_04_27_1	S37_1	2011_04_27	1	TAGTCG	90	Oral	Deep
S37_2_2011_02_15_2_GCATGA	S37_2_2011_02_15_2	S37_2	2011_02_15	2	GCATGA	41	Oral	Shallow
S38_1_2011_02_15_1_ACGTCA	S38_1_2011_02_15_1	S38_1	2011_02_15	1	ACGTCA	5	Oral	Shallow
S38_1_2011_04_27_1_GTCATC	S38_1_2011_04_27_1	S38_1	2011_04_27	1	GTCATC	88	Oral	Shallow
S38_2_2011_02_15_2_CATACG	S38_2_2011_02_15_2	S38_2	2011_02_15	2	CATACG	55	Oral	Shallow
S39_1_2011_02_15_1_GTGATC	S39_1_2011_02_15_1	S39_1	2011_02_15	1	GTGATC	68	Oral	Shallow
S39_1_2011_04_27_1_TACTGC	S39_1_2011_04_27_1	S39_1	2011_04_27	1	TACTGC	90	Oral	Shallow
S39_2_2011_02_15_2_CGATGT	S39_2_2011_02_15_2	S39_2	2011_02_15	2	CGATGT	66	Oral	Deep
S4_1_2011_02_15_1_ACTACG	S4_1_2011_02_15_1	S4_1	2011_02_15	1	ACTACG	50	Oral	Deep
S4_1_2011_04_27_1_CGTCAT	S4_1_2011_04_27_1	S4_1	2011_04_27	1	CGTCAT	79	Oral	Deep
S4_2_2011_02_15_2_ATCGAC	S4_2_2011_02_15_2	S4_2	2011_02_15	2	ATCGAC	54	Oral	Shallow
S40_1_2011_02_15_1_GACTGT	S40_1_2011_02_15_1	S40_1	2011_02_15	1	GACTGT	62	Oral	Deep
S40_1_2011_04_27_1_GTCTCA	S40_1_2011_04_27_1	S40_1	2011_04_27	1	GTCTCA	88	Oral	Deep
S40_2_2011_02_15_2_GAGATC	S40_2_2011_02_15_2	S40_2	2011_02_15	2	GAGATC	72	Oral	Deep
S41_1_2011_02_15_1_ACTCAG	S41_1_2011_02_15_1	S41_1	2011_02_15	1	ACTCAG	5	Oral	Deep
S41_1_2011_04_27_1_CTGCAT	S41_1_2011_04_27_1	S41_1	2011_04_27	1	CTGCAT	82	Oral	Shallow
S41_2_2011_02_15_2_ATGACG	S41_2_2011_02_15_2	S41_2	2011_02_15	2	ATGACG	27	Oral	Deep
S42_1_2011_02_15_1_GATAGC	S42_1_2011_02_15_1	S42_1	2011_02_15	1	GATAGC	63	Oral	Deep
S42_1_2011_04_27_1_ATCACG	S42_1_2011_04_27_1	S42_1	2011_04_27	1	ATCACG	73	Oral	Deep
S42_2_2011_02_15_2_GTACGT	S42_2_2011_02_15_2	S42_2	2011_02_15	2	GTACGT	42	Oral	Shallow
S43_1_2011_02_15_1_ACTGCA	S43_1_2011_02_15_1	S43_1	2011_02_15	1	ACTGCA	13	Oral	Shallow
S43_1_2011_04_27_1_GTACGT	S43_1_2011_04_27_1	S43_1	2011_04_27	1	GTACGT	87	Oral	Shallow
S43_2_2011_02_15_2_GTAGAC	S43_2_2011_02_15_2	S43_2	2011_02_15	2	GTAGAC	33	Oral	Deep
S44_1_2011_02_15_1_GACACT	S44_1_2011_02_15_1	S44_1	2011_02_15	1	GACACT	37	Oral	Deep
S44_2_2011_02_15_2_AGTCTC	S44_2_2011_02_15_2	S44_2	2011_02_15	2	AGTCTC	21	Oral	Shallow
S45_1_2011_02_15_1_GTGCTA	S45_1_2011_02_15_1	S45_1	2011_02_15	1	GTGCTA	44	Oral	Shallow
S45_2_2011_02_15_2_CACTGA	S45_2_2011_02_15_2	S45_2	2011_02_15	2	CACTGA	74	Oral	Deep
S46_1_2011_02_15_1_GTCATC	S46_1_2011_02_15_1	S46_1	2011_02_15	1	GTCATC	43	Oral	Shallow
S47_1_2011_02_15_1_GACTAC	S47_1_2011_02_15_1	S47_1	2011_02_15	1	GACTAC	38	Oral	Shallow
S5_1_2011_02_15_1_TCAGAC	S5_1_2011_02_15_1	S5_1	2011_02_15	1	TCAGAC	46	Oral	Shallow
S5_1_2011_04_27_1_ATGCAC	S5_1_2011_04_27_1	S5_1	2011_04_27	1	ATGCAC	75	Oral	Deep
S5_2_2011_02_15_2_CGTGAT	S5_2_2011_02_15_2	S5_2	2011_02_15	2	CGTGAT	59	Oral	Shallow
S6_1_2011_02_15_1_AGATGC	S6_1_2011_02_15_1	S6_1	2011_02_15	1	AGATGC	52	Oral	Shallow
S6_1_2011_04_27_1_CGACAT	S6_1_2011_04_27_1	S6_1	2011_04_27	1	CGACAT	78	Oral	Deep
S6_2_2011_02_15_2_AGCTCT	S6_2_2011_02_15_2	S6_2	2011_02_15	2	AGCTCT	52	Oral	Deep
S7_1_2011_02_15_1_ACAGTG	S7_1_2011_02_15_1	S7_1	2011_02_15	1	ACAGTG	49	Oral	Deep
S7_1_2011_04_27_1_AGTACG	S7_1_2011_04_27_1	S7_1	2011_04_27	1	AGTACG	53	Oral	Deep
S7_2_2011_02_15_2_TCATGC	S7_2_2011_02_15_2	S7_2	2011_02_15	2	TCATGC	46	Oral	Deep
S8_1_2011_02_15_1_TAGCAC	S8_1_2011_02_15_1	S8_1	2011_02_15	1	TAGCAC	69	Oral	Deep
S8_1_2011_04_27_1_CTACAG	S8_1_2011_04_27_1	S8_1	2011_04_27	1	CTACAG	80	Oral	Shallow
S8_2_2011_02_15_2_GCTGTA	S8_2_2011_02_15_2	S8_2	2011_02_15	2	GCTGTA	66	Oral	Shallow
S9_1_2011_02_15_1_AGCATG	S9_1_2011_02_15_1	S9_1	2011_02_15	1	AGCATG	20	Oral	Shallow
S9_1_2011_04_27_1_GAGTCA	S9_1_2011_04_27_1	S9_1	2011_04_27	1	GAGTCA	84	Oral	Shallow
S9_2_2011_02_15_2_CTAGAC	S9_2_2011_02_15_2	S9_2	2011_02_15	2	CTAGAC	59	Oral	Deep
